{
  "578b2bcd9c280030659d3842bb723840": "e-mail ontbreekt in gebruikersprofiel",
  "172c11e3d5c779979855ee32b3c70f7c": "Sleutel {{HMAC}} is vereist",
  "17540dd5530bbd31632b4a8ae6d66e14": "Ongeldige combinatie van gebruikersnaam/wachtwoord of e-mailadres is niet gecontroleerd",
  "5a29d5f8c9c46a68663df6ced451f164": "{{req.flash}} is geen functie",
  "6af6fbccb22566c3a89c1e6a0ddbb244": "verificatiefout",
  "9cb5cd2573edd84e8de3ac5b2e19ee56": "Er is geen gebruiker aangemeld",
  "f718846036bbb0ce4f43e2c92c7aacbf": "Maken van token is mislukt."
}

