{
  "578b2bcd9c280030659d3842bb723840": "falta el correo electrónico del perfil de usuario",
  "172c11e3d5c779979855ee32b3c70f7c": "la clave de {{HMAC}} es obligatoria",
  "17540dd5530bbd31632b4a8ae6d66e14": "El nombre de usuario/contraseña o correo electrónico no válido no se ha verificado",
  "5a29d5f8c9c46a68663df6ced451f164": "{{req.flash}} no es una función",
  "6af6fbccb22566c3a89c1e6a0ddbb244": "error de autenticación",
  "9cb5cd2573edd84e8de3ac5b2e19ee56": "Ningún usuario ha iniciado sesión",
  "f718846036bbb0ce4f43e2c92c7aacbf": "No se ha podido crear la señal."
}

