{
  "578b2bcd9c280030659d3842bb723840": "e-mail está ausente no perfil do usuário",
  "172c11e3d5c779979855ee32b3c70f7c": "Chave {{HMAC}} é necessária",
  "17540dd5530bbd31632b4a8ae6d66e14": "Nome do usuário/senha inválidos ou e-mail não foi verificado",
  "5a29d5f8c9c46a68663df6ced451f164": "{{req.flash}} não é uma função",
  "6af6fbccb22566c3a89c1e6a0ddbb244": "erro de autenticação",
  "9cb5cd2573edd84e8de3ac5b2e19ee56": "Nenhum usuário efetuou login",
  "f718846036bbb0ce4f43e2c92c7aacbf": "Falha ao criar token."
}

