{
  "578b2bcd9c280030659d3842bb723840": "email non presente nel profilo utente",
  "172c11e3d5c779979855ee32b3c70f7c": "La chiave {{HMAC}} è obbligatoria",
  "17540dd5530bbd31632b4a8ae6d66e14": "Nome utente/password non validi o l'email non è stata verificata",
  "5a29d5f8c9c46a68663df6ced451f164": "{{req.flash}} non è una funzione",
  "6af6fbccb22566c3a89c1e6a0ddbb244": "errore di autenticazione",
  "9cb5cd2573edd84e8de3ac5b2e19ee56": "Nessun utente collegato",
  "f718846036bbb0ce4f43e2c92c7aacbf": "Creazione del token non riuscita."
}

