{
  "578b2bcd9c280030659d3842bb723840": "사용자 프로파일에서 이메일이 누락됨",
  "172c11e3d5c779979855ee32b3c70f7c": "{{HMAC}} 키가 필요함",
  "17540dd5530bbd31632b4a8ae6d66e14": "올바르지 않은 사용자 이름/비밀번호이거나 이메일이 확인되지 않았습니다.",
  "5a29d5f8c9c46a68663df6ced451f164": "{{req.flash}}이(가) 기능이 아님",
  "6af6fbccb22566c3a89c1e6a0ddbb244": "인증 오류",
  "9cb5cd2573edd84e8de3ac5b2e19ee56": "로그인한 사용자가 없음",
  "f718846036bbb0ce4f43e2c92c7aacbf": "토큰을 작성하는 데 실패함"
}

