{
  "578b2bcd9c280030659d3842bb723840": "ユーザー・プロファイルに E メールがありません",
  "172c11e3d5c779979855ee32b3c70f7c": "{{HMAC}} キーは必須です",
  "17540dd5530bbd31632b4a8ae6d66e14": "ユーザー名/パスワードが無効であるか、E メールが検証されていません",
  "5a29d5f8c9c46a68663df6ced451f164": "{{req.flash}} は関数ではありません",
  "6af6fbccb22566c3a89c1e6a0ddbb244": "認証エラー",
  "9cb5cd2573edd84e8de3ac5b2e19ee56": "ログインしているユーザーはいません",
  "f718846036bbb0ce4f43e2c92c7aacbf": "トークンの作成に失敗しました。"
}

