{
  "578b2bcd9c280030659d3842bb723840": "E-Mail-Adresse fehlt im Benutzerprofil",
  "172c11e3d5c779979855ee32b3c70f7c": "{{HMAC}}-Schlüssel ist erforderlich",
  "17540dd5530bbd31632b4a8ae6d66e14": "Ungültiger Benutzername/ungültiges Kennwort oder E-Mail-Adresse wurde nicht bestätigt",
  "5a29d5f8c9c46a68663df6ced451f164": "{{req.flash}} ist keine Funktion",
  "6af6fbccb22566c3a89c1e6a0ddbb244": "Authentifizierungsfehler",
  "9cb5cd2573edd84e8de3ac5b2e19ee56": "Es ist kein Benutzer angemeldet",
  "f718846036bbb0ce4f43e2c92c7aacbf": "Token wurde nicht erstellt."
}

