{
  "578b2bcd9c280030659d3842bb723840": "使用者設定檔中遺漏電子郵件",
  "172c11e3d5c779979855ee32b3c70f7c": "需要 {{HMAC}} 金鑰",
  "17540dd5530bbd31632b4a8ae6d66e14": "使用者名稱/密碼無效，或尚未驗證電子郵件",
  "5a29d5f8c9c46a68663df6ced451f164": "{{req.flash}} 不是函數",
  "6af6fbccb22566c3a89c1e6a0ddbb244": "鑑別錯誤",
  "9cb5cd2573edd84e8de3ac5b2e19ee56": "沒有任何使用者登入",
  "f718846036bbb0ce4f43e2c92c7aacbf": "無法建立記號。"
}

