{
  "578b2bcd9c280030659d3842bb723840": "kullanıcı profilinde e-posta eksik",
  "172c11e3d5c779979855ee32b3c70f7c": "{{HMAC}} anahtarı zorunludur",
  "17540dd5530bbd31632b4a8ae6d66e14": "Kullanıcı adı ya da parola geçersiz ya da e-posta doğrulanmadı",
  "5a29d5f8c9c46a68663df6ced451f164": "{{req.flash}} bir işlev değil",
  "6af6fbccb22566c3a89c1e6a0ddbb244": "kimlik doğrulama hatası",
  "9cb5cd2573edd84e8de3ac5b2e19ee56": "Hiçbir kullanıcı oturum açmadı",
  "f718846036bbb0ce4f43e2c92c7aacbf": "Belirteç yaratılamadı."
}

