{
  "578b2bcd9c280030659d3842bb723840": "L'adresse électronique est manquante dans le profil utilisateur",
  "172c11e3d5c779979855ee32b3c70f7c": "La clé {{HMAC}} est obligatoire",
  "17540dd5530bbd31632b4a8ae6d66e14": "Un nom d'utilisateur/mot de passe ou adresse électronique non valide n'a pas été vérifié",
  "5a29d5f8c9c46a68663df6ced451f164": "{{req.flash}} n'est pas une fonction",
  "6af6fbccb22566c3a89c1e6a0ddbb244": "erreur d'authentification",
  "9cb5cd2573edd84e8de3ac5b2e19ee56": "Aucun utilisateur n'est connecté",
  "f718846036bbb0ce4f43e2c92c7aacbf": "Echec de la création du jeton."
}

